{
  "loss/cedice": {
    "3d_dice": {
      "overall_mean": 0.7669535279273987,
      "overall_std": 0.20512111485004425,
      "foreground_mean": 0.7090736627578735,
      "foreground_std": 0.18932192027568817,
      "per_class_mean": [
        0.9984732270240784,
        0.5188866257667542,
        0.8641749620437622,
        0.7330148220062256,
        0.7202179431915283
      ],
      "per_class_std": [
        0.0006492555839940906,
        0.1447865068912506,
        0.11349651962518692,
        0.16109204292297363,
        0.15050247311592102
      ],
      "n_seeds": 3,
      "n_patients": 10,
      "n_classes": 5,
      "valid_seeds": [
        42,
        123,
        456
      ]
    },
    "3d_hd95": {
      "overall_mean": 11.401719093322754,
      "overall_std": 10.923807144165039,
      "foreground_mean": 13.85416030883789,
      "foreground_std": 10.90417194366455,
      "per_class_mean": [
        1.5919538736343384,
        13.488181114196777,
        14.13640308380127,
        13.307268142700195,
        14.484790802001953
      ],
      "per_class_std": [
        0.8686642050743103,
        11.279841423034668,
        9.534655570983887,
        13.56737995147705,
        8.513235092163086
      ],
      "n_seeds": 3,
      "n_patients": 10,
      "n_classes": 5,
      "valid_seeds": [
        42,
        123,
        456
      ]
    }
  }
}