{
  "improvements": {
    "3d_dice": {
      "overall_mean": 0.777557373046875,
      "overall_std": 0.20922642946243286,
      "foreground_mean": 0.722178041934967,
      "foreground_std": 0.19845713675022125,
      "per_class_mean": [
        0.9990746378898621,
        0.44822418689727783,
        0.911008894443512,
        0.7291496396064758,
        0.8003294467926025
      ],
      "per_class_std": [
        0.00039321681833826005,
        0.13190306723117828,
        0.02470659278333187,
        0.10381687432527542,
        0.10904175788164139
      ],
      "n_seeds": 3,
      "n_patients": 10,
      "n_classes": 5,
      "valid_seeds": [
        42,
        123,
        456
      ]
    },
    "3d_hd95": {
      "overall_mean": 9.507490158081055,
      "overall_std": 9.25206470489502,
      "foreground_mean": 11.719542503356934,
      "foreground_std": 9.077366828918457,
      "per_class_mean": [
        0.6592830419540405,
        14.978753089904785,
        10.626590728759766,
        11.187623023986816,
        10.085200309753418
      ],
      "per_class_std": [
        0.7386521100997925,
        9.259390830993652,
        8.023064613342285,
        10.947053909301758,
        6.699215888977051
      ],
      "n_seeds": 3,
      "n_patients": 10,
      "n_classes": 5,
      "valid_seeds": [
        42,
        123,
        456
      ]
    }
  }
}