{
  "unet": {
    "3d_dice": {
      "overall_mean": 0.8527761697769165,
      "overall_std": 0.1297396868467331,
      "foreground_mean": 0.8162338137626648,
      "foreground_std": 0.11984861642122269,
      "per_class_mean": [
        0.9989458918571472,
        0.6742885708808899,
        0.9112240076065063,
        0.829302191734314,
        0.8501202464103699
      ],
      "per_class_std": [
        0.00046727151493541896,
        0.1081937849521637,
        0.03227318450808525,
        0.07480477541685104,
        0.09284867346286774
      ],
      "n_seeds": 3,
      "n_patients": 10,
      "n_classes": 5,
      "valid_seeds": [
        42,
        123,
        456
      ]
    },
    "3d_hd95": {
      "overall_mean": 8.787496566772461,
      "overall_std": 13.314693450927734,
      "foreground_mean": 10.767278671264648,
      "foreground_std": 14.208948135375977,
      "per_class_mean": [
        0.8683672547340393,
        10.082951545715332,
        9.62314510345459,
        9.835684776306152,
        13.52733325958252
      ],
      "per_class_std": [
        0.6615829467773438,
        6.635314464569092,
        4.757314205169678,
        11.562803268432617,
        24.432676315307617
      ],
      "n_seeds": 3,
      "n_patients": 10,
      "n_classes": 5,
      "valid_seeds": [
        42,
        123,
        456
      ]
    }
  }
}