{
  "unet": {
    "3d_dice": {
      "overall_mean": 0.8556925058364868,
      "overall_std": 0.12566937506198883,
      "foreground_mean": 0.8198625445365906,
      "foreground_std": 0.11542091518640518,
      "per_class_mean": [
        0.9990129470825195,
        0.6856252551078796,
        0.9087134599685669,
        0.815916895866394,
        0.8691943883895874
      ],
      "per_class_std": [
        0.00034945167135447264,
        0.0987510234117508,
        0.03784239664673805,
        0.08597531914710999,
        0.0796806812286377
      ],
      "n_seeds": 2,
      "n_patients": 10,
      "n_classes": 5,
      "valid_seeds": [
        42,
        456
      ]
    },
    "3d_hd95": {
      "overall_mean": 7.999383926391602,
      "overall_std": 8.425997734069824,
      "foreground_mean": 9.799814224243164,
      "foreground_std": 8.511985778808594,
      "per_class_mean": [
        0.7976679801940918,
        10.406570434570312,
        9.418815612792969,
        12.08430290222168,
        7.2895636558532715
      ],
      "per_class_std": [
        0.5836415886878967,
        7.205922603607178,
        4.129993438720703,
        13.484675407409668,
        5.192631244659424
      ],
      "n_seeds": 2,
      "n_patients": 10,
      "n_classes": 5,
      "valid_seeds": [
        42,
        456
      ]
    }
  }
}