{
  "loss/cedicebound": {
    "3d_dice": {
      "overall_mean": 0.7736624479293823,
      "overall_std": 0.20290124416351318,
      "foreground_mean": 0.7174623012542725,
      "foreground_std": 0.1888616979122162,
      "per_class_mean": [
        0.9984633326530457,
        0.5120522975921631,
        0.8659036159515381,
        0.7573038339614868,
        0.7345894575119019
      ],
      "per_class_std": [
        0.0006241277442313731,
        0.1596129983663559,
        0.09238272160291672,
        0.15505868196487427,
        0.1360592246055603
      ],
      "n_seeds": 3,
      "n_patients": 10,
      "n_classes": 5,
      "valid_seeds": [
        42,
        123,
        456
      ]
    },
    "3d_hd95": {
      "overall_mean": 12.20753002166748,
      "overall_std": 13.793015480041504,
      "foreground_mean": 14.851090431213379,
      "foreground_std": 14.237804412841797,
      "per_class_mean": [
        1.633289098739624,
        12.98607063293457,
        14.809475898742676,
        14.26646614074707,
        17.342348098754883
      ],
      "per_class_std": [
        0.7796387672424316,
        7.54058313369751,
        9.64262580871582,
        14.628979682922363,
        20.904172897338867
      ],
      "n_seeds": 3,
      "n_patients": 10,
      "n_classes": 5,
      "valid_seeds": [
        42,
        123,
        456
      ]
    }
  }
}