{
  "baseline": {
    "3d_dice": {
      "overall_mean": 0.7299329042434692,
      "overall_std": 0.2359953075647354,
      "foreground_mean": 0.6628201603889465,
      "foreground_std": 0.2170173078775406,
      "per_class_mean": [
        0.9983837604522705,
        0.41802555322647095,
        0.8633473515510559,
        0.6671817302703857,
        0.7027261257171631
      ],
      "per_class_std": [
        0.0007114125764928758,
        0.1550128161907196,
        0.06817548722028732,
        0.1838863492012024,
        0.155395969748497
      ],
      "n_seeds": 3,
      "n_patients": 10,
      "n_classes": 5,
      "valid_seeds": [
        42,
        123,
        456
      ]
    },
    "3d_hd95": {
      "overall_mean": 14.13232707977295,
      "overall_std": 16.280488967895508,
      "foreground_mean": 17.251766204833984,
      "foreground_std": 16.804502487182617,
      "per_class_mean": [
        1.65457022190094,
        15.586116790771484,
        15.282638549804688,
        15.916909217834473,
        22.221397399902344
      ],
      "per_class_std": [
        1.0432101488113403,
        10.184916496276855,
        8.360411643981934,
        16.317426681518555,
        25.6231689453125
      ],
      "n_seeds": 3,
      "n_patients": 10,
      "n_classes": 5,
      "valid_seeds": [
        42,
        123,
        456
      ]
    }
  }
}